{"cameraMode":{"drawMode":0,"name":"Shaded","section":"Shading Mode"},"sceneLighting":false,"audioPlay":false,"sceneViewState":{"m_AlwaysRefresh":true,"showFog":true,"showSkybox":false,"showFlares":true,"showImageEffects":true,"showParticleSystems":true,"showVisualEffectGraphs":true,"m_FxEnabled":true},"in2DMode":false,"pivot":{"x":-5.479210376739502,"y":23.902647018432618,"z":-1.7598341703414918},"rotation":{"x":-0.0957278311252594,"y":-0.050743069499731067,"z":-0.004889165982604027,"w":0.9941049218177795},"size":1.4660253524780274,"orthographic":false}