{"cameraMode":{"drawMode":0,"name":"Shaded","section":"Shading Mode"},"sceneLighting":true,"audioPlay":false,"sceneViewState":{"m_AlwaysRefresh":true,"showFog":true,"showSkybox":true,"showFlares":true,"showImageEffects":true,"showParticleSystems":true,"showVisualEffectGraphs":true,"m_FxEnabled":true},"in2DMode":false,"pivot":{"x":-11.431235313415528,"y":14.289834022521973,"z":-19.189613342285158},"rotation":{"x":0.008942903950810433,"y":0.11225777864456177,"z":-0.001011098618619144,"w":0.9936339855194092},"size":25.160104751586915,"orthographic":false}