{"cameraMode":{"drawMode":0,"name":"Shaded","section":"Shading Mode"},"sceneLighting":false,"audioPlay":false,"sceneViewState":{"m_AlwaysRefresh":true,"showFog":true,"showSkybox":false,"showFlares":true,"showImageEffects":true,"showParticleSystems":true,"showVisualEffectGraphs":true,"m_FxEnabled":true},"in2DMode":false,"pivot":{"x":21.70155143737793,"y":3.3523430824279787,"z":-1.8937294483184815},"rotation":{"x":-0.019482681527733804,"y":-0.04048098251223564,"z":-0.0007896137540228665,"w":0.99898761510849},"size":8.562785148620606,"orthographic":true}