{"cameraMode":{"drawMode":0,"name":"Shaded","section":"Shading Mode"},"sceneLighting":false,"audioPlay":false,"sceneViewState":{"m_AlwaysRefresh":true,"showFog":true,"showSkybox":false,"showFlares":true,"showImageEffects":true,"showParticleSystems":true,"showVisualEffectGraphs":true,"m_FxEnabled":true},"in2DMode":false,"pivot":{"x":-0.8067960739135742,"y":1.7752561569213868,"z":-0.06184673309326172},"rotation":{"x":-0.08580639958381653,"y":-0.2963067591190338,"z":0.02674010582268238,"w":-0.9508253335952759},"size":11.29011058807373,"orthographic":false}