{"cameraMode":{"drawMode":0,"name":"Shaded","section":"Shading Mode"},"sceneLighting":false,"audioPlay":false,"sceneViewState":{"m_AlwaysRefresh":true,"showFog":true,"showSkybox":false,"showFlares":true,"showImageEffects":true,"showParticleSystems":true,"showVisualEffectGraphs":true,"m_FxEnabled":true},"in2DMode":false,"pivot":{"x":-1.0619268417358399,"y":1.2847321033477784,"z":10.106800079345704},"rotation":{"x":0.023396708071231843,"y":-0.0029988782480359079,"z":0.00006830009078839794,"w":0.999707818031311},"size":8.444436073303223,"orthographic":true}