{"cameraMode":{"drawMode":0,"name":"Shaded","section":"Shading Mode"},"sceneLighting":true,"audioPlay":false,"sceneViewState":{"m_AlwaysRefresh":true,"showFog":true,"showSkybox":true,"showFlares":true,"showImageEffects":true,"showParticleSystems":true,"showVisualEffectGraphs":true,"m_FxEnabled":true},"in2DMode":false,"pivot":{"x":2.052766799926758,"y":5.440769195556641,"z":2.339538335800171},"rotation":{"x":-0.0029986598528921606,"y":-0.03358525037765503,"z":0.0001002917269943282,"w":-0.9994009137153626},"size":8.177391052246094,"orthographic":false}