{"cameraMode":{"drawMode":0,"name":"Shaded","section":"Shading Mode"},"sceneLighting":false,"audioPlay":false,"sceneViewState":{"m_AlwaysRefresh":true,"showFog":true,"showSkybox":false,"showFlares":true,"showImageEffects":true,"showParticleSystems":true,"showVisualEffectGraphs":true,"m_FxEnabled":true},"in2DMode":false,"pivot":{"x":-5.360000133514404,"y":0.6700000166893005,"z":4.539999961853027},"rotation":{"x":0.6610704660415649,"y":-0.013515285216271878,"z":0.01188519038259983,"w":0.7500905990600586},"size":0.7451457977294922,"orthographic":true}