{"cameraMode":{"drawMode":0,"name":"Shaded","section":"Shading Mode"},"sceneLighting":false,"audioPlay":false,"sceneViewState":{"m_AlwaysRefresh":true,"showFog":true,"showSkybox":false,"showFlares":true,"showImageEffects":true,"showParticleSystems":true,"showVisualEffectGraphs":true,"m_FxEnabled":true},"in2DMode":false,"pivot":{"x":-8.963253021240235,"y":0.6610535979270935,"z":13.601175308227539},"rotation":{"x":-0.003601293545216322,"y":0.0030003716237843038,"z":1.707363281866492e-7,"w":0.9999749660491943},"size":2.9099323749542238,"orthographic":true}