{"cameraMode":{"drawMode":0,"name":"Shaded","section":"Shading Mode"},"sceneLighting":true,"audioPlay":false,"sceneViewState":{"m_AlwaysRefresh":true,"showFog":true,"showSkybox":true,"showFlares":true,"showImageEffects":true,"showParticleSystems":true,"showVisualEffectGraphs":true,"m_FxEnabled":true},"in2DMode":false,"pivot":{"x":3.9474706649780275,"y":5.023434162139893,"z":17.321786880493165},"rotation":{"x":0.14421305060386659,"y":-0.8481388092041016,"z":0.2933511734008789,"w":0.4169321656227112},"size":16.962108612060548,"orthographic":false}