{"cameraMode":{"drawMode":0,"name":"Shaded","section":"Shading Mode"},"sceneLighting":true,"audioPlay":false,"sceneViewState":{"m_AlwaysRefresh":true,"showFog":true,"showSkybox":true,"showFlares":true,"showImageEffects":true,"showParticleSystems":true,"showVisualEffectGraphs":true,"m_FxEnabled":true},"in2DMode":false,"pivot":{"x":15.604050636291504,"y":18.779830932617189,"z":-0.2605684995651245},"rotation":{"x":0.0764244794845581,"y":0.004486818797886372,"z":-0.00034351623617112637,"w":0.9970617294311523},"size":25.47633171081543,"orthographic":false}